{"stats":{"minecraft:picked_up":{"minecraft:leather":1,"minecraft:beef":3},"minecraft:dropped":{"minecraft:leather":1,"minecraft:beef":3},"minecraft:used":{"jujutsucraft:uniform_normal_leggings":1,"jujutsucraft:uniform_normal_boots":1,"jujutsucraft:mahito_hand_1":3,"jujutsucraft:uniform_normal_chestplate":1},"minecraft:killed_by":{"jujutsucraft:cursed_spirit_grade_36":1,"jujutsucraft:cursed_spirit_grade_19":1},"minecraft:custom":{"minecraft:time_since_rest":1263,"minecraft:play_time":7784,"minecraft:sprint_one_cm":35360,"minecraft:deaths":2,"minecraft:damage_taken":1116,"minecraft:walk_one_cm":20228,"minecraft:mob_kills":20,"minecraft:drop":2,"minecraft:damage_dealt_resisted":1490,"minecraft:jump":281,"minecraft:damage_dealt":111,"minecraft:time_since_death":1235,"minecraft:total_world_time":7784,"minecraft:damage_resisted":3,"minecraft:fall_one_cm":8963,"minecraft:fly_one_cm":58923,"minecraft:player_kills":3},"minecraft:mined":{"minecraft:grass":1},"minecraft:killed":{"minecraft:sheep":2,"jujutsucraft:cursed_spirit_grade_32":2,"jujutsucraft:cursed_spirit_grade_39":1,"jujutsucraft:cursed_spirit_grade_318":1,"jujutsucraft:cursed_spirit_grade_315":1,"jujutsucraft:cursed_spirit_grade_33":2,"jujutsucraft:cursed_spirit_grade_317":4,"jujutsucraft:cursed_spirit_grade_314":2,"jujutsucraft:cursed_spirit_grade_316":1,"jujutsucraft:cursed_spirit_grade_34":1,"jujutsucraft:cursed_spirit_grade_319":1,"minecraft:cow":2}},"DataVersion":3465}