{"stats":{"minecraft:picked_up":{"minecraft:stone":1,"minecraft:leather":1,"minecraft:kelp":15,"minecraft:beef":3,"minecraft:cod":21,"minecraft:birch_sapling":1},"minecraft:killed":{"jujutsucraft:mimiko":1,"minecraft:sheep":2,"jujutsucraft:cursed_spirit_grade_32":2,"jujutsucraft:cursed_spirit_grade_39":4,"jujutsucraft:cursed_spirit_grade_31":1,"jujutsucraft:cursed_spirit_grade_33":10,"jujutsucraft:cursed_spirit_grade_312":1,"jujutsucraft:cursed_spirit_grade_314":4,"jujutsucraft:cursed_spirit_grade_311":2,"jujutsucraft:doll_1":1,"jujutsucraft:cursed_spirit_grade_317":7,"jujutsucraft:cursed_spirit_grade_318":7,"jujutsucraft:cursed_spirit_grade_315":1,"jujutsucraft:cursed_spirit_grade_316":2,"jujutsucraft:cursed_spirit_grade_34":1,"jujutsucraft:cursed_spirit_grade_319":3,"minecraft:cow":2},"minecraft:mined":{"minecraft:birch_log":1,"minecraft:grass":1},"minecraft:killed_by":{"jujutsucraft:cursed_spirit_grade_36":1,"jujutsucraft:cursed_spirit_grade_19":1,"jujutsucraft:rozetsu":1},"minecraft:custom":{"minecraft:time_since_rest":12815,"minecraft:sprint_one_cm":74971,"minecraft:damage_taken":2417,"minecraft:walk_one_cm":54278,"minecraft:mob_kills":52,"minecraft:drop":3,"minecraft:damage_dealt":251,"minecraft:swim_one_cm":87997,"minecraft:fly_one_cm":168150,"minecraft:player_kills":4,"minecraft:crouch_one_cm":52,"minecraft:play_time":25230,"minecraft:deaths":3,"minecraft:sneak_time":137,"minecraft:walk_under_water_one_cm":22327,"minecraft:jump":573,"minecraft:damage_dealt_resisted":7805,"minecraft:walk_on_water_one_cm":36516,"minecraft:time_since_death":12779,"minecraft:total_world_time":25230,"minecraft:damage_resisted":566,"minecraft:fall_one_cm":22897},"minecraft:dropped":{"minecraft:leather":1,"minecraft:beef":3,"minecraft:cod":1},"minecraft:used":{"minecraft:birch_sapling":1,"jujutsucraft:uniform_normal_boots":1,"jujutsucraft:mahito_hand_1":4,"jujutsucraft:uniform_normal_leggings":1,"jujutsucraft:uniform_normal_chestplate":1}},"DataVersion":3465}