{"stats":{"minecraft:picked_up":{"minecraft:stone":2,"minecraft:andesite":3,"minecraft:leather":1,"minecraft:kelp":91,"minecraft:beef":3,"minecraft:cod":22,"minecraft:birch_sapling":1},"minecraft:killed":{"jujutsucraft:mimiko":1,"minecraft:sheep":2,"jujutsucraft:cursed_spirit_grade_32":6,"jujutsucraft:cursed_spirit_grade_29":1,"jujutsucraft:cursed_spirit_grade_39":5,"jujutsucraft:cursed_spirit_grade_31":2,"jujutsucraft:cursed_spirit_grade_33":13,"jujutsucraft:cursed_spirit_grade_312":1,"jujutsucraft:cursed_spirit_grade_314":7,"minecraft:pig":1,"jujutsucraft:cursed_spirit_grade_311":4,"jujutsucraft:cursed_spirit_grade_310":2,"jujutsucraft:doll_1":1,"jujutsucraft:nishimiya_momo":1,"jujutsucraft:cursed_spirit_grade_16":1,"jujutsucraft:cursed_spirit_grade_35":1,"jujutsucraft:round_deer":1,"jujutsucraft:cursed_spirit_grade_38":1,"jujutsucraft:cursed_spirit_grade_317":7,"jujutsucraft:cursed_spirit_grade_318":8,"jujutsucraft:cursed_spirit_grade_315":3,"jujutsucraft:cursed_spirit_grade_316":2,"jujutsucraft:cursed_spirit_grade_34":4,"jujutsucraft:cursed_spirit_grade_319":7,"jujutsucraft:cursed_spirit_grade_02":1,"jujutsucraft:kumiya_juzo":1,"jujutsucraft:divine_dog_white":1,"minecraft:cow":2,"jujutsucraft:gravestone_3":1},"minecraft:mined":{"minecraft:birch_log":1,"minecraft:grass":2},"minecraft:killed_by":{"jujutsucraft:cursed_spirit_grade_36":1,"jujutsucraft:cursed_spirit_grade_19":1,"jujutsucraft:kashimo_hajime":1,"jujutsucraft:cursed_spirit_grade_07":1,"jujutsucraft:rozetsu":1},"minecraft:custom":{"minecraft:time_since_rest":16942,"minecraft:sprint_one_cm":119219,"minecraft:damage_taken":5031,"minecraft:walk_one_cm":105481,"minecraft:mob_kills":94,"minecraft:drop":10,"minecraft:damage_dealt":313,"minecraft:swim_one_cm":189363,"minecraft:fly_one_cm":368213,"minecraft:player_kills":6,"minecraft:crouch_one_cm":52,"minecraft:play_time":49230,"minecraft:deaths":5,"minecraft:sneak_time":137,"minecraft:walk_under_water_one_cm":46859,"minecraft:jump":894,"minecraft:damage_dealt_resisted":27450,"minecraft:walk_on_water_one_cm":98136,"minecraft:time_since_death":16914,"minecraft:total_world_time":49230,"minecraft:damage_resisted":4072,"minecraft:fall_one_cm":40275},"minecraft:dropped":{"minecraft:stone":1,"minecraft:kelp":91,"minecraft:andesite":3,"minecraft:leather":1,"minecraft:beef":3,"minecraft:cod":22},"minecraft:used":{"minecraft:birch_sapling":1,"jujutsucraft:uniform_normal_boots":1,"minecraft:stone":1,"jujutsucraft:mahito_hand_1":5,"jujutsucraft:mahito_hand_2":1,"jujutsucraft:uniform_normal_leggings":1,"jujutsucraft:uniform_normal_chestplate":1}},"DataVersion":3465}