{"stats":{"minecraft:picked_up":{"minecraft:stone":2,"minecraft:andesite":3,"minecraft:leather":1,"minecraft:kelp":91,"minecraft:beef":3,"minecraft:cod":22,"minecraft:birch_sapling":1},"minecraft:killed":{"jujutsucraft:mimiko":1,"minecraft:sheep":2,"jujutsucraft:cursed_spirit_grade_32":6,"jujutsucraft:cursed_spirit_grade_29":1,"jujutsucraft:cursed_spirit_grade_39":5,"jujutsucraft:cursed_spirit_grade_31":2,"jujutsucraft:cursed_spirit_grade_33":13,"jujutsucraft:cursed_spirit_grade_312":1,"jujutsucraft:cursed_spirit_grade_314":7,"jujutsucraft:cursed_spirit_grade_311":4,"jujutsucraft:cursed_spirit_grade_310":2,"jujutsucraft:doll_1":1,"jujutsucraft:cursed_spirit_grade_16":1,"jujutsucraft:cursed_spirit_grade_35":1,"jujutsucraft:cursed_spirit_grade_317":7,"jujutsucraft:cursed_spirit_grade_318":8,"jujutsucraft:cursed_spirit_grade_315":3,"jujutsucraft:cursed_spirit_grade_316":2,"jujutsucraft:cursed_spirit_grade_34":4,"jujutsucraft:cursed_spirit_grade_319":7,"jujutsucraft:kumiya_juzo":1,"minecraft:cow":2,"jujutsucraft:gravestone_3":1},"minecraft:mined":{"minecraft:birch_log":1,"minecraft:grass":1},"minecraft:killed_by":{"jujutsucraft:cursed_spirit_grade_36":1,"jujutsucraft:cursed_spirit_grade_19":1,"jujutsucraft:kashimo_hajime":1,"jujutsucraft:cursed_spirit_grade_07":1,"jujutsucraft:rozetsu":1},"minecraft:custom":{"minecraft:time_since_rest":4942,"minecraft:sprint_one_cm":101344,"minecraft:damage_taken":4121,"minecraft:walk_one_cm":71212,"minecraft:mob_kills":88,"minecraft:drop":6,"minecraft:damage_dealt":313,"minecraft:swim_one_cm":186180,"minecraft:fly_one_cm":313794,"minecraft:player_kills":4,"minecraft:crouch_one_cm":52,"minecraft:play_time":37230,"minecraft:deaths":5,"minecraft:sneak_time":137,"minecraft:walk_under_water_one_cm":46789,"minecraft:jump":708,"minecraft:damage_dealt_resisted":21035,"minecraft:walk_on_water_one_cm":94482,"minecraft:time_since_death":4914,"minecraft:total_world_time":37230,"minecraft:damage_resisted":2716,"minecraft:fall_one_cm":30611},"minecraft:dropped":{"minecraft:andesite":3,"minecraft:leather":1,"minecraft:beef":3,"minecraft:cod":1},"minecraft:used":{"minecraft:birch_sapling":1,"jujutsucraft:uniform_normal_boots":1,"minecraft:stone":1,"jujutsucraft:mahito_hand_1":4,"jujutsucraft:mahito_hand_2":1,"jujutsucraft:uniform_normal_leggings":1,"jujutsucraft:uniform_normal_chestplate":1}},"DataVersion":3465}