{"stats":{"minecraft:picked_up":{"jujutsucraft:uniform_gojo_boots":1,"jujutsucraft:naginata":4,"minecraft:leather":1,"minecraft:wheat_seeds":1,"minecraft:beef":1,"minecraft:birch_sapling":1,"minecraft:mutton":2,"minecraft:white_wool":1},"minecraft:dropped":{"jujutsucraft:uniform_gojo_boots":1,"jujutsucraft:naginata":4},"minecraft:killed_by":{"jujutsucraft:cursed_spirit_grade_19":3,"minecraft:player":1},"minecraft:used":{"jujutsucraft:uniform_gojo_boots":1,"jujutsucraft:uniform_normal_leggings":1,"jujutsucraft:clothes_fushiguro_toji_leggings":4,"jujutsucraft:glasses_maki_leggings":5,"jujutsucraft:clothes_fushiguro_toji_chestplate":1,"jujutsucraft:uniform_normal_boots":1,"jujutsucraft:uniform_normal_chestplate":2,"jujutsucraft:glasses_maki_chestplate":3},"minecraft:custom":{"minecraft:time_since_rest":934,"minecraft:play_time":13418,"minecraft:sprint_one_cm":31551,"minecraft:deaths":4,"minecraft:damage_taken":2555,"minecraft:walk_one_cm":76027,"minecraft:sneak_time":4,"minecraft:mob_kills":11,"minecraft:drop":5,"minecraft:damage_dealt_resisted":203,"minecraft:jump":174,"minecraft:time_since_death":900,"minecraft:total_world_time":13418,"minecraft:damage_resisted":1697,"minecraft:fall_one_cm":3702,"minecraft:fly_one_cm":24751,"minecraft:player_kills":4},"minecraft:killed":{"jujutsucraft:cursed_spirit_grade_39":1,"jujutsucraft:cursed_spirit_grade_33":2,"jujutsucraft:entity_scissors":6,"minecraft:cow":1}},"DataVersion":3465}