{"stats":{"minecraft:picked_up":{"jujutsucraft:hair_fushiguro_megumi_helmet":1,"minecraft:stick":1,"jujutsucraft:uniform_gojo_boots":1,"jujutsucraft:uniform_normal_boots":1,"minecraft:leather":1,"jujutsucraft:cursed_technique_changer":1,"jujutsucraft:uniform_normal_chestplate":1,"minecraft:ink_sac":1,"jujutsucraft:uniform_normal_leggings":1,"jujutsucraft:naginata":4,"minecraft:wheat_seeds":1,"jujutsucraft:sword_black":1,"minecraft:beef":1,"minecraft:birch_sapling":1,"minecraft:mutton":2,"minecraft:white_wool":1},"minecraft:killed":{"jujutsucraft:cursed_spirit_grade_39":1,"jujutsucraft:cursed_spirit_grade_33":2,"jujutsucraft:body_repel":1,"jujutsucraft:entity_scissors":6,"jujutsucraft:cursed_spirit_grade_36":1,"jujutsucraft:cursed_spirit_grade_318":1,"minecraft:cow":1},"minecraft:mined":{"minecraft:birch_leaves":2},"minecraft:killed_by":{"jujutsucraft:cursed_spirit_grade_19":3,"minecraft:player":6,"jujutsucraft:cursed_spirit_grade_03":1,"jujutsucraft:geto_suguru_curse_user":5},"minecraft:custom":{"minecraft:time_since_rest":405,"minecraft:sprint_one_cm":81052,"minecraft:damage_taken":6577,"minecraft:walk_one_cm":156857,"minecraft:mob_kills":14,"minecraft:drop":14,"minecraft:swim_one_cm":17115,"minecraft:fly_one_cm":122419,"minecraft:player_kills":4,"minecraft:play_time":29809,"minecraft:deaths":15,"minecraft:sneak_time":4,"minecraft:walk_under_water_one_cm":13329,"minecraft:jump":462,"minecraft:damage_dealt_resisted":1338,"minecraft:walk_on_water_one_cm":6383,"minecraft:time_since_death":363,"minecraft:total_world_time":29809,"minecraft:damage_resisted":4128,"minecraft:fall_one_cm":24224},"minecraft:dropped":{"jujutsucraft:uniform_gojo_boots":1,"minecraft:wheat_seeds":1,"minecraft:ink_sac":1,"minecraft:mutton":2,"minecraft:birch_sapling":1,"jujutsucraft:sword_black":1,"minecraft:leather":1,"jujutsucraft:naginata":4,"minecraft:beef":1,"minecraft:white_wool":1,"minecraft:stick":1},"minecraft:used":{"jujutsucraft:hair_fushiguro_megumi_helmet":2,"jujutsucraft:clothes_fushiguro_toji_chestplate":1,"jujutsucraft:uniform_normal_boots":1,"jujutsucraft:uniform_gojo_boots":1,"jujutsucraft:uniform_normal_leggings":2,"jujutsucraft:clothes_fushiguro_toji_leggings":4,"jujutsucraft:glasses_maki_leggings":5,"jujutsucraft:uniform_normal_chestplate":3,"jujutsucraft:glasses_maki_chestplate":3}},"DataVersion":3465}