{"stats":{"minecraft:picked_up":{"minecraft:stick":1,"jujutsucraft:g_staff":1,"minecraft:leather":2,"jujutsucraft:cursed_technique_changer":1,"minecraft:dirt":2,"minecraft:beef":2},"minecraft:killed":{"jujutsucraft:cursed_spirit_grade_32":1,"jujutsucraft:cursed_spirit_grade_39":2,"jujutsucraft:shigemo_haruta":1,"jujutsucraft:cursed_spirit_grade_33":1,"jujutsucraft:stevenson_screen":1,"jujutsucraft:cursed_spirit_grade_36":1,"minecraft:cod":1,"jujutsucraft:cursed_spirit_grade_317":2,"jujutsucraft:cursed_spirit_grade_315":1,"jujutsucraft:cursed_spirit_grade_211":2,"jujutsucraft:cursed_spirit_grade_34":1,"jujutsucraft:cursed_spirit_grade_319":1,"jujutsucraft:q":1,"minecraft:cow":1},"minecraft:mined":{"minecraft:birch_leaves":2,"minecraft:grass":3,"minecraft:grass_block":1,"minecraft:dirt":1},"minecraft:killed_by":{"jujutsucraft:cursed_spirit_grade_25":1,"jujutsucraft:cursed_spirit_grade_19":10,"jujutsucraft:cursed_spirit_grade_15":1,"minecraft:player":6,"jujutsucraft:kashimo_hajime":2,"jujutsucraft:cursed_spirit_grade_34":1,"jujutsucraft:geto_suguru_curse_user":1},"minecraft:custom":{"minecraft:time_since_rest":11440,"minecraft:sprint_one_cm":112073,"minecraft:damage_taken":7748,"minecraft:walk_one_cm":60562,"minecraft:mob_kills":19,"minecraft:drop":8,"minecraft:damage_dealt":114,"minecraft:swim_one_cm":10112,"minecraft:fly_one_cm":163136,"minecraft:player_kills":3,"minecraft:crouch_one_cm":64,"minecraft:play_time":30224,"minecraft:deaths":22,"minecraft:sneak_time":27,"minecraft:walk_under_water_one_cm":8469,"minecraft:jump":694,"minecraft:damage_dealt_resisted":3061,"minecraft:walk_on_water_one_cm":26519,"minecraft:time_since_death":11397,"minecraft:total_world_time":30224,"minecraft:damage_resisted":1337,"minecraft:fall_one_cm":32224},"minecraft:dropped":{"minecraft:stone":1,"jujutsucraft:uniform_normal_leggings":1,"jujutsucraft:cursed_technique_changer":2,"jujutsucraft:uniform_normal_boots":1,"jujutsucraft:uniform_normal_chestplate":1,"jujutsucraft:hair_fushiguro_megumi_helmet":1,"minecraft:stick":1},"minecraft:used":{"jujutsucraft:sword_okkotsu_yuta":1,"jujutsucraft:uniform_okkotsu_chestplate":1,"jujutsucraft:g_staff":1,"jujutsucraft:uniform_normal_boots":1,"minecraft:stone":9,"jujutsucraft:uniform_normal_leggings":1}},"DataVersion":3465}