{"stats":{"minecraft:picked_up":{"jujutsucraft:g_staff":1,"minecraft:leather":2,"minecraft:beef":2,"minecraft:dirt":2},"minecraft:killed_by":{"jujutsucraft:cursed_spirit_grade_19":9,"minecraft:player":6},"minecraft:used":{"jujutsucraft:sword_okkotsu_yuta":1,"jujutsucraft:uniform_okkotsu_chestplate":1,"jujutsucraft:uniform_normal_leggings":1,"jujutsucraft:g_staff":1,"jujutsucraft:uniform_normal_boots":1},"minecraft:custom":{"minecraft:time_since_rest":514,"minecraft:play_time":12473,"minecraft:sprint_one_cm":58830,"minecraft:walk_one_cm":30426,"minecraft:damage_taken":4103,"minecraft:deaths":15,"minecraft:walk_under_water_one_cm":56,"minecraft:mob_kills":2,"minecraft:damage_dealt_resisted":85,"minecraft:jump":314,"minecraft:damage_dealt":32,"minecraft:walk_on_water_one_cm":1756,"minecraft:time_since_death":483,"minecraft:total_world_time":12473,"minecraft:damage_resisted":43,"minecraft:swim_one_cm":440,"minecraft:fall_one_cm":10302,"minecraft:fly_one_cm":61143},"minecraft:mined":{"minecraft:grass":2,"minecraft:grass_block":1,"minecraft:dirt":1,"minecraft:birch_leaves":2},"minecraft:killed":{"jujutsucraft:stevenson_screen":1,"minecraft:cow":1}},"DataVersion":3465}