{"stats":{"minecraft:picked_up":{"minecraft:stick":1,"minecraft:stone":1,"jujutsucraft:g_staff":1,"minecraft:andesite":1,"minecraft:leather":2,"minecraft:gravel":1,"jujutsucraft:cursed_technique_changer":1,"jujutsucraft:harisen":1,"minecraft:dirt":2,"minecraft:string":1,"minecraft:kelp":95,"minecraft:beef":2,"minecraft:mutton":4,"minecraft:cod":21,"minecraft:white_wool":2},"minecraft:killed":{"minecraft:sheep":3,"jujutsucraft:cursed_spirit_grade_32":1,"jujutsucraft:cursed_spirit_grade_39":2,"jujutsucraft:shigemo_haruta":1,"jujutsucraft:cursed_spirit_grade_33":2,"jujutsucraft:stevenson_screen":1,"jujutsucraft:rabbit_escape":40,"jujutsucraft:cursed_spirit_grade_36":1,"jujutsucraft:round_deer":1,"jujutsucraft:cursed_spirit_grade_319":1,"jujutsucraft:cursed_spirit_grade_317":2,"jujutsucraft:cursed_spirit_grade_318":1,"jujutsucraft:cursed_spirit_grade_315":1,"minecraft:cod":1,"jujutsucraft:cursed_spirit_grade_211":2,"jujutsucraft:cursed_spirit_grade_34":1,"jujutsucraft:great_serpent":1,"jujutsucraft:q":1,"minecraft:cow":1},"minecraft:mined":{"minecraft:birch_leaves":2,"minecraft:grass":3,"minecraft:grass_block":1,"minecraft:dirt":1},"minecraft:killed_by":{"jujutsucraft:cursed_spirit_grade_25":1,"jujutsucraft:sukuna_fushiguro":5,"jujutsucraft:cursed_spirit_grade_19":10,"jujutsucraft:cursed_spirit_grade_15":1,"minecraft:player":9,"jujutsucraft:cursed_spirit_grade_34":1,"jujutsucraft:kashimo_hajime":2,"jujutsucraft:cursed_spirit_grade_02":1,"jujutsucraft:geto_suguru_curse_user":1},"minecraft:custom":{"minecraft:time_since_rest":6476,"minecraft:sprint_one_cm":156081,"minecraft:damage_taken":13242,"minecraft:walk_one_cm":102522,"minecraft:mob_kills":72,"minecraft:drop":11,"minecraft:damage_dealt":261,"minecraft:swim_one_cm":53088,"minecraft:fly_one_cm":420341,"minecraft:player_kills":5,"minecraft:crouch_one_cm":64,"minecraft:play_time":53640,"minecraft:deaths":31,"minecraft:sneak_time":445,"minecraft:walk_under_water_one_cm":54062,"minecraft:damage_dealt_resisted":7238,"minecraft:jump":987,"minecraft:leave_game":1,"minecraft:time_since_death":6438,"minecraft:walk_on_water_one_cm":70450,"minecraft:total_world_time":53640,"minecraft:damage_resisted":5171,"minecraft:fall_one_cm":56533},"minecraft:dropped":{"minecraft:kelp":4,"minecraft:stone":1,"jujutsucraft:uniform_normal_leggings":1,"jujutsucraft:cursed_technique_changer":2,"jujutsucraft:harisen":2,"jujutsucraft:uniform_normal_boots":1,"jujutsucraft:uniform_normal_chestplate":1,"jujutsucraft:hair_fushiguro_megumi_helmet":1,"minecraft:stick":1},"minecraft:used":{"jujutsucraft:uniform_okkotsu_chestplate":1,"jujutsucraft:sword_okkotsu_yuta":1,"jujutsucraft:g_staff":1,"jujutsucraft:uniform_normal_boots":1,"minecraft:stone":9,"jujutsucraft:uniform_normal_leggings":1}},"DataVersion":3465}